{"cameraMode":{"drawMode":0,"name":"Shaded","section":"Shading Mode"},"sceneLighting":false,"audioPlay":false,"sceneViewState":{"showFog":false,"showMaterialUpdate":false,"showSkybox":false,"showFlares":false,"showImageEffects":false,"showParticleSystems":false},"in2DMode":false,"pivot":{"x":9.899999618530274,"y":16.389999389648439,"z":-36.279998779296878},"rotation":{"x":-0.06123150885105133,"y":0.8874094486236572,"z":-0.12352585047483444,"w":-0.4398856461048126},"size":105.38052368164063,"orthographic":false}